name,original,reduced,Seed
30n20b8.mp,2.093,2.308,0
30n20b8.mp,2.252,2.297,1
30n20b8.mp,2.235,2.828,12
30n20b8.mp,1.278,1.273,123
30n20b8.mp,1.864,1.767,1234
academictimetablesmall.mp,261.45,3184.723,0
academictimetablesmall.mp,425.043,1376.136,1
academictimetablesmall.mp,193.742,616.603,12
academictimetablesmall.mp,1262.863,3536.851,123
academictimetablesmall.mp,1195.152,802.42,1234
atlanta-ip.mp,2245.283,787.377,0
atlanta-ip.mp,1476.572,600.95,1
atlanta-ip.mp,1085.192,643.425,12
atlanta-ip.mp,532.279,453.65,123
atlanta-ip.mp,1050.459,1220.34,1234
bab2.mp,2754.555,3607.559,0
bab2.mp,2198.805,3607.018,1
bab2.mp,3604.603,2597.216,12
bab2.mp,1604.544,1256.339,123
bab2.mp,3610.513,749.976,1234
bab6.mp,2777.084,2306.488,0
bab6.mp,3601.97,451.834,1
bab6.mp,1019.744,1035.444,12
bab6.mp,654.468,1288.256,123
bab6.mp,632.887,1326.331,1234
bnatt400.mp,188.938,277.854,0
bnatt400.mp,221.842,183.125,1
bnatt400.mp,163.956,280.573,12
bnatt400.mp,217.598,306.583,123
bnatt400.mp,131.458,272.953,1234
bnatt500.mp,431.44,609.094,0
bnatt500.mp,756.739,689.901,1
bnatt500.mp,451.117,751.746,12
bnatt500.mp,630.966,958.508,123
bnatt500.mp,684.034,485.597,1234
brazil3.mp,408.14,218.435,0
brazil3.mp,314.678,84.272,1
brazil3.mp,211.735,372.743,12
brazil3.mp,433.875,171.372,123
brazil3.mp,170.402,329.731,1234
co-100.mp,1999.525,1186.724,0
co-100.mp,2995.421,1134.141,1
co-100.mp,3601.525,1428.557,12
co-100.mp,1094.535,457.458,123
co-100.mp,647.845,318.462,1234
cryptanalysiskb128n5obj14.mp,2780.962,959.843,0
cryptanalysiskb128n5obj14.mp,2543.138,1424.354,1
cryptanalysiskb128n5obj14.mp,3601.458,1111.902,12
cryptanalysiskb128n5obj14.mp,1437.196,1128.772,123
cryptanalysiskb128n5obj14.mp,1194.583,1140.003,1234
cryptanalysiskb128n5obj16.mp,3023.751,1153.627,0
cryptanalysiskb128n5obj16.mp,2768.197,1112.148,1
cryptanalysiskb128n5obj16.mp,2633.261,1188.251,12
cryptanalysiskb128n5obj16.mp,1678.23,883.506,123
cryptanalysiskb128n5obj16.mp,1460.487,2283.126,1234
csched007.mp,118.451,130.123,0
csched007.mp,124.257,128.251,1
csched007.mp,148.489,152.881,12
csched007.mp,131.186,120.836,123
csched007.mp,115.163,113.748,1234
csched008.mp,203.414,214.007,0
csched008.mp,361.818,365.516,1
csched008.mp,392.319,392.225,12
csched008.mp,745.224,99.483,123
csched008.mp,183.834,291.671,1234
decomp2.mp,0.581,0.438,0
decomp2.mp,0.831,0.436,1
decomp2.mp,0.722,0.426,12
decomp2.mp,0.647,0.38,123
decomp2.mp,0.858,0.464,1234
drayage-100-23.mp,0.216,0.203,0
drayage-100-23.mp,0.2,0.188,1
drayage-100-23.mp,0.205,0.188,12
drayage-100-23.mp,0.189,0.18,123
drayage-100-23.mp,0.206,0.188,1234
drayage-25-23.mp,2.791,2.524,0
drayage-25-23.mp,3.873,3.044,1
drayage-25-23.mp,3.011,2.576,12
drayage-25-23.mp,3.25,2.94,123
drayage-25-23.mp,2.867,2.585,1234
dws008-01.mp,2357.7,2275.073,0
dws008-01.mp,2432.983,2540.035,1
dws008-01.mp,3601.927,3186.718,12
dws008-01.mp,3602.305,1955.365,123
dws008-01.mp,2065.815,2128.18,1234
enlight_hard.mp,0.016,0.016,0
enlight_hard.mp,0.016,0.016,1
enlight_hard.mp,0.015,0.015,12
enlight_hard.mp,0.011,0.016,123
enlight_hard.mp,0.012,0.012,1234
fastxgemm-n2r6s0t2.mp,30.015,27.396,0
fastxgemm-n2r6s0t2.mp,36.051,35.189,1
fastxgemm-n2r6s0t2.mp,50.16,49.449,12
fastxgemm-n2r6s0t2.mp,18.187,18.931,123
fastxgemm-n2r6s0t2.mp,22.621,20.924,1234
fhnw-binpack4-4.mp,30.263,18.698,0
fhnw-binpack4-4.mp,25.783,12.399,1
fhnw-binpack4-4.mp,42.82,14.377,12
fhnw-binpack4-4.mp,20.608,15.788,123
fhnw-binpack4-4.mp,22.759,19.485,1234
fhnw-binpack4-48.mp,11.582,29.293,0
fhnw-binpack4-48.mp,11.952,9.583,1
fhnw-binpack4-48.mp,12.446,14.979,12
fhnw-binpack4-48.mp,24.256,7.755,123
fhnw-binpack4-48.mp,15.579,11.645,1234
germanrr.mp,907.308,447.806,0
germanrr.mp,536.311,996.805,1
germanrr.mp,821.049,688.29,12
germanrr.mp,903.217,700.885,123
germanrr.mp,884.715,809.461,1234
gfd-schedulen180f7d50m30k18.mp,1914.959,1931.79,0
gfd-schedulen180f7d50m30k18.mp,2325.474,2307.525,1
gfd-schedulen180f7d50m30k18.mp,3600.425,3600.578,12
gfd-schedulen180f7d50m30k18.mp,3184.006,2769.478,123
gfd-schedulen180f7d50m30k18.mp,1775.806,1350.168,1234
gmu-35-40.mp,488.58,163.616,0
gmu-35-40.mp,180.997,41.337,1
gmu-35-40.mp,383.99,103.87,12
gmu-35-40.mp,73.316,19.641,123
gmu-35-40.mp,77.243,83.09,1234
gmu-35-50.mp,505.445,158.369,0
gmu-35-50.mp,126.28,120.457,1
gmu-35-50.mp,44.743,12.527,12
gmu-35-50.mp,117.452,309.227,123
gmu-35-50.mp,320.237,67.442,1234
highschool1-aigio.mp,1378.328,1446.728,0
highschool1-aigio.mp,1284.018,485.141,1
highschool1-aigio.mp,709.064,1289.603,12
highschool1-aigio.mp,1701.231,951.829,123
highschool1-aigio.mp,313.345,1383.953,1234
hypothyroid-k1.mp,9.777,5.385,0
hypothyroid-k1.mp,10.192,5.38,1
hypothyroid-k1.mp,10.151,5.43,12
hypothyroid-k1.mp,9.811,17.267,123
hypothyroid-k1.mp,9.8,5.25,1234
irish-electricity.mp,1030.522,1316.957,0
irish-electricity.mp,1059.143,1484.122,1
irish-electricity.mp,1108.876,1289.149,12
irish-electricity.mp,1321.327,642.59,123
irish-electricity.mp,1272.273,1558.011,1234
istanbul-no-cutoff.mp,32.979,33.066,0
istanbul-no-cutoff.mp,36.104,39.949,1
istanbul-no-cutoff.mp,39.172,40.021,12
istanbul-no-cutoff.mp,27.522,26.146,123
istanbul-no-cutoff.mp,39.139,37.247,1234
k1mushroom.mp,148.281,130.991,0
k1mushroom.mp,166.188,144.47,1
k1mushroom.mp,162.132,150.251,12
k1mushroom.mp,137.32,137.818,123
k1mushroom.mp,162.21,147.074,1234
lectsched-5-obj.mp,92.274,94.226,0
lectsched-5-obj.mp,123.388,82.542,1
lectsched-5-obj.mp,170.436,87.634,12
lectsched-5-obj.mp,91.901,56.536,123
lectsched-5-obj.mp,125.079,84.629,1234
mcsched.mp,21.795,19.044,0
mcsched.mp,27.332,20.864,1
mcsched.mp,29.275,27.128,12
mcsched.mp,19.408,16.755,123
mcsched.mp,24.182,19.448,1234
mzzv11.mp,11.629,13.356,0
mzzv11.mp,11.479,8.709,1
mzzv11.mp,16.734,8.119,12
mzzv11.mp,10.63,6.511,123
mzzv11.mp,11.597,9.233,1234
mzzv42z.mp,7.744,7.874,0
mzzv42z.mp,6.835,7.15,1
mzzv42z.mp,8.594,8.784,12
mzzv42z.mp,7.699,6.65,123
mzzv42z.mp,7.891,7.227,1234
n2seq36q.mp,3.011,3.492,0
n2seq36q.mp,2.181,3.032,1
n2seq36q.mp,8.257,3.512,12
n2seq36q.mp,2.625,3.321,123
n2seq36q.mp,3.83,3.292,1234
neos-2657525-crna.mp,3464.098,3601.792,0
neos-2657525-crna.mp,2737.837,3600.126,1
neos-2657525-crna.mp,3600.018,3600.534,12
neos-2657525-crna.mp,3600.373,334.69,123
neos-2657525-crna.mp,3600.11,1631.185,1234
neos-2746589-doon.mp,171.865,213.024,0
neos-2746589-doon.mp,179.029,215.273,1
neos-2746589-doon.mp,267.368,142.82,12
neos-2746589-doon.mp,259.668,193.764,123
neos-2746589-doon.mp,104.669,155.357,1234
neos-3216931-puriri.mp,89.923,189.253,0
neos-3216931-puriri.mp,99.325,146.275,1
neos-3216931-puriri.mp,109.24,78.282,12
neos-3216931-puriri.mp,113.856,106.821,123
neos-3216931-puriri.mp,91.318,88.37,1234
neos-3656078-kumeu.mp,1286.846,1191.886,0
neos-3656078-kumeu.mp,1915.991,1427.694,1
neos-3656078-kumeu.mp,1909.484,1912.704,12
neos-3656078-kumeu.mp,1779.456,3602.358,123
neos-3656078-kumeu.mp,1350.744,964.422,1234
neos-3988577-wolgan.mp,217.699,194.787,0
neos-3988577-wolgan.mp,196.424,207.067,1
neos-3988577-wolgan.mp,209.847,204.333,12
neos-3988577-wolgan.mp,250.517,196.492,123
neos-3988577-wolgan.mp,90.932,164.321,1234
neos-4387871-tavua.mp,743.583,913.108,0
neos-4387871-tavua.mp,696.71,945.667,1
neos-4387871-tavua.mp,935.999,885.399,12
neos-4387871-tavua.mp,723.649,2776.702,123
neos-4387871-tavua.mp,866.699,1011.02,1234
neos-4413714-turia.mp,29.099,35.791,0
neos-4413714-turia.mp,28.463,32.221,1
neos-4413714-turia.mp,30.05,34.434,12
neos-4413714-turia.mp,28.197,31.836,123
neos-4413714-turia.mp,27.07,33.976,1234
neos-4532248-waihi.mp,205.988,190.978,0
neos-4532248-waihi.mp,363.883,169.649,1
neos-4532248-waihi.mp,98.684,218.325,12
neos-4532248-waihi.mp,174.576,165.957,123
neos-4532248-waihi.mp,120.392,138.327,1234
neos-4647030-tutaki.mp,169.215,194.644,0
neos-4647030-tutaki.mp,186.142,324.593,1
neos-4647030-tutaki.mp,191.815,95.171,12
neos-4647030-tutaki.mp,157.673,128.853,123
neos-4647030-tutaki.mp,147.544,208.095,1234
neos-4722843-widden.mp,41.793,28.902,0
neos-4722843-widden.mp,54.742,35.578,1
neos-4722843-widden.mp,37.729,29.765,12
neos-4722843-widden.mp,51.524,27.021,123
neos-4722843-widden.mp,33.505,58.611,1234
neos-4738912-atrato.mp,44.585,33.774,0
neos-4738912-atrato.mp,42.874,40.517,1
neos-4738912-atrato.mp,32.167,42.729,12
neos-4738912-atrato.mp,42.313,57.293,123
neos-4738912-atrato.mp,30.637,27.414,1234
neos-5104907-jarama.mp,3601.003,2318.721,0
neos-5104907-jarama.mp,1049.865,854.638,1
neos-5104907-jarama.mp,1273.413,670.918,12
neos-5104907-jarama.mp,825.943,925.157,123
neos-5104907-jarama.mp,1352.836,1210.061,1234
neos-5195221-niemur.mp,3607.812,3368.748,0
neos-5195221-niemur.mp,3601.339,3601.441,1
neos-5195221-niemur.mp,2741.773,3602.452,12
neos-5195221-niemur.mp,3368.145,3091.049,123
neos-5195221-niemur.mp,2882.25,1729.422,1234
neos-631710.mp,3603.135,831.027,0
neos-631710.mp,994.925,608.196,1
neos-631710.mp,735.22,397.856,12
neos-631710.mp,891.829,811.535,123
neos-631710.mp,391.86,526.414,1234
neos-662469.mp,4.758,60.939,0
neos-662469.mp,25.022,47.464,1
neos-662469.mp,61.415,48.645,12
neos-662469.mp,81.8,62.941,123
neos-662469.mp,63.905,30.217,1234
neos-787933.mp,2.013,0.945,0
neos-787933.mp,2.095,0.944,1
neos-787933.mp,2.203,1.004,12
neos-787933.mp,2.031,5.32,123
neos-787933.mp,2.07,2.08,1234
neos8.mp,0.628,4.023,0
neos8.mp,0.658,3.995,1
neos8.mp,0.691,4.061,12
neos8.mp,0.662,4.035,123
neos8.mp,0.657,4.011,1234
neos-827175.mp,0.535,0.812,0
neos-827175.mp,0.943,0.864,1
neos-827175.mp,0.819,0.882,12
neos-827175.mp,0.616,0.813,123
neos-827175.mp,0.644,0.643,1234
neos-957323.mp,2.629,4.01,0
neos-957323.mp,2.696,4.032,1
neos-957323.mp,2.721,3.99,12
neos-957323.mp,2.719,3.773,123
neos-957323.mp,2.797,4.004,1234
neos-960392.mp,5.295,2.451,0
neos-960392.mp,3.887,7.266,1
neos-960392.mp,2.844,6.097,12
neos-960392.mp,3.583,5.882,123
neos-960392.mp,3.685,19.694,1234
net12.mp,121.929,107.947,0
net12.mp,172.373,174.585,1
net12.mp,127.857,183.649,12
net12.mp,115.026,106.739,123
net12.mp,118.149,260.399,1234
netdiversion.mp,252.596,295.666,0
netdiversion.mp,272.412,235.414,1
netdiversion.mp,125.783,343.324,12
netdiversion.mp,276.577,193.792,123
netdiversion.mp,93.329,102.329,1234
ns1116954.mp,3.663,12,0
ns1116954.mp,6.307,16,1
ns1116954.mp,5.884,11,12
ns1116954.mp,531.982,420.516,123
ns1116954.mp,4.921,13.012,1234
nu25-pr12.mp,3.626,3.628,0
nu25-pr12.mp,4.045,3.967,1
nu25-pr12.mp,3.642,3.644,12
nu25-pr12.mp,3.154,3.123,123
nu25-pr12.mp,2.727,2.665,1234
nursesched-medium-hint03.mp,1082.451,3602.472,0
nursesched-medium-hint03.mp,1366.175,3266.249,1
nursesched-medium-hint03.mp,889.05,3600.529,12
nursesched-medium-hint03.mp,646.455,909.209,123
nursesched-medium-hint03.mp,728.045,3626.838,1234
nursesched-sprint02.mp,6.526,2.468,0
nursesched-sprint02.mp,7.077,5.326,1
nursesched-sprint02.mp,5.267,3.472,12
nursesched-sprint02.mp,6.627,3.455,123
nursesched-sprint02.mp,6.206,3.306,1234
peg-solitaire-a3.mp,55.558,33.394,0
peg-solitaire-a3.mp,126.709,6.419,1
peg-solitaire-a3.mp,49.154,23.471,12
peg-solitaire-a3.mp,56.523,50.322,123
peg-solitaire-a3.mp,78.621,19.048,1234
physiciansched3-3.mp,729.11,1629.898,0
physiciansched3-3.mp,1150.976,2290.596,1
physiciansched3-3.mp,1341.36,2139.589,12
physiciansched3-3.mp,1075.765,2412.186,123
physiciansched3-3.mp,973.329,1678.329,1234
physiciansched6-2.mp,2.602,2.602,0
physiciansched6-2.mp,2.728,2.728,1
physiciansched6-2.mp,2.752,17.708,12
physiciansched6-2.mp,2.925,15.71,123
physiciansched6-2.mp,1.62,1.92,1234
piperout-08.mp,4.204,3.479,0
piperout-08.mp,3.592,3.811,1
piperout-08.mp,5.923,2.67,12
piperout-08.mp,2.434,2.323,123
piperout-08.mp,2.948,2.368,1234
piperout-27.mp,3.513,3.67,0
piperout-27.mp,3.122,3.278,1
piperout-27.mp,3.126,5.079,12
piperout-27.mp,2.736,3.146,123
piperout-27.mp,2.73,2.996,1234
proteindesign121hz512p9.mp,3490.97,3608.111,0
proteindesign121hz512p9.mp,3602.134,3608.839,1
proteindesign121hz512p9.mp,3601.341,3607.982,12
proteindesign121hz512p9.mp,3176.647,3607.004,123
proteindesign121hz512p9.mp,3551.649,2713.921,1234
proteindesign122trx11p8.mp,2258.921,3605.973,0
proteindesign122trx11p8.mp,3602.347,3606.067,1
proteindesign122trx11p8.mp,2032.762,3605.774,12
proteindesign122trx11p8.mp,1871.043,3604.982,123
proteindesign122trx11p8.mp,2078.906,3604.962,1234
radiationm18-12-05.mp,776.29,104.974,0
radiationm18-12-05.mp,206.084,677.931,1
radiationm18-12-05.mp,320.415,226.761,12
radiationm18-12-05.mp,269.417,457.218,123
radiationm18-12-05.mp,3600.998,735.97,1234
rail01.mp,392.207,522.842,0
rail01.mp,650.693,328.01,1
rail01.mp,621.691,416.149,12
rail01.mp,395.703,310.853,123
rail01.mp,547.393,373.738,1234
rd-rplusc-21.mp,526.712,658.787,0
rd-rplusc-21.mp,350.709,325.308,1
rd-rplusc-21.mp,458.96,332.586,12
rd-rplusc-21.mp,489.296,618.012,123
rd-rplusc-21.mp,428.459,680.768,1234
rocI-4-11.mp,42.313,42.483,0
rocI-4-11.mp,93.987,27.892,1
rocI-4-11.mp,38.926,34.162,12
rocI-4-11.mp,30.252,52.8,123
rocI-4-11.mp,51.953,35.226,1234
rocII-5-11.mp,651.556,1246.867,0
rocII-5-11.mp,791.435,1865.008,1
rocII-5-11.mp,548.078,397.875,12
rocII-5-11.mp,1459.951,997.954,123
rocII-5-11.mp,1077.03,879.724,1234
roi2alpha3n4.mp,136.706,72.566,0
roi2alpha3n4.mp,100.974,54.782,1
roi2alpha3n4.mp,114.759,53.171,12
roi2alpha3n4.mp,110.061,55.76,123
roi2alpha3n4.mp,103.575,54.537,1234
roi5alpha10n8.mp,3601.905,1523.588,0
roi5alpha10n8.mp,3602.225,1125.225,1
roi5alpha10n8.mp,3601.183,1383.903,12
roi5alpha10n8.mp,3601.44,1591.296,123
roi5alpha10n8.mp,3602.041,1275.302,1234
roll3000.mp,14.441,11.167,0
roll3000.mp,13.995,7.93,1
roll3000.mp,5.318,10.436,12
roll3000.mp,10.287,9.989,123
roll3000.mp,10.987,11.083,1234
satellites2-40.mp,226.694,134.222,0
satellites2-40.mp,374.101,70.576,1
satellites2-40.mp,365.66,166.964,12
satellites2-40.mp,196.807,169.296,123
satellites2-40.mp,190.079,132.428,1234
satellites2-60-fs.mp,345.915,206.383,0
satellites2-60-fs.mp,241.345,314.837,1
satellites2-60-fs.mp,379.476,359.057,12
satellites2-60-fs.mp,423.249,157.585,123
satellites2-60-fs.mp,254.205,210.901,1234
sct2.mp,31.821,40.326,0
sct2.mp,33.064,46.731,1
sct2.mp,54.674,31.922,12
sct2.mp,15.304,14.774,123
sct2.mp,67.249,27.111,1234
sing326.mp,3603.402,3173.108,0
sing326.mp,2534.221,1963.266,1
sing326.mp,3602.573,3603.117,12
sing326.mp,3261.811,3605.712,123
sing326.mp,3606.657,2387.914,1234
sing44.mp,2232.639,2717.364,0
sing44.mp,2041.757,1541.42,1
sing44.mp,1757.804,2755.375,12
sing44.mp,2863.115,3603.694,123
sing44.mp,1926.327,2776.336,1234
splice1k1.mp,1695.873,3601.282,0
splice1k1.mp,3604.804,3600.146,1
splice1k1.mp,3601.126,3601.471,12
splice1k1.mp,2743.241,3601.063,123
splice1k1.mp,1678.537,1941.036,1234
supportcase18.mp,3603.573,66.855,0
supportcase18.mp,2466.066,74.431,1
supportcase18.mp,3603.218,67.082,12
supportcase18.mp,3604.927,38.228,123
supportcase18.mp,124.189,356.158,1234
supportcase22.mp,3601.525,3601.217,0
supportcase22.mp,3601.45,3601.033,1
supportcase22.mp,3601.552,3600.996,12
supportcase22.mp,3601.609,3601.237,123
supportcase22.mp,3462.308,3601.295,1234
supportcase33.mp,30.466,21.538,0
supportcase33.mp,24.351,23.517,1
supportcase33.mp,20.419,25.339,12
supportcase33.mp,21.741,23.644,123
supportcase33.mp,19.676,20.906,1234
supportcase6.mp,211.176,189.663,0
supportcase6.mp,188.644,179.695,1
supportcase6.mp,195.797,194.037,12
supportcase6.mp,189.785,135.666,123
supportcase6.mp,162.262,165.456,1234
supportcase7.mp,8.668,9.472,0
supportcase7.mp,8.335,8.037,1
supportcase7.mp,8.272,6.656,12
supportcase7.mp,9.26,8.245,123
supportcase7.mp,8.668,8.162,1234
swath1.mp,8.714,7.947,0
swath1.mp,8.515,8.256,1
swath1.mp,8.478,7.992,12
swath1.mp,8.952,7.959,123
swath1.mp,7.853,6.691,1234
swath3.mp,130.203,129.868,0
swath3.mp,45.563,69.258,1
swath3.mp,62.04,64.388,12
swath3.mp,64.196,110.44,123
swath3.mp,72.376,255.506,1234
tbfp-network.mp,50.589,50.434,0
tbfp-network.mp,56.375,56.174,1
tbfp-network.mp,119.786,109.423,12
tbfp-network.mp,75.281,73.478,123
tbfp-network.mp,50.516,48.991,1234
traininstance2.mp,265.147,340.461,0
traininstance2.mp,338.011,141.961,1
traininstance2.mp,234.511,201.211,12
traininstance2.mp,429.33,140.454,123
traininstance2.mp,171.78,216.024,1234
traininstance6.mp,49.159,28.656,0
traininstance6.mp,22.653,17.394,1
traininstance6.mp,26.225,11.224,12
traininstance6.mp,34.45,21.914,123
traininstance6.mp,26.518,27.535,1234
triptim1.mp,15.962,15.764,0
triptim1.mp,12.312,15.995,1
triptim1.mp,15.563,14.988,12
triptim1.mp,11.103,16.874,123
triptim1.mp,20.747,13.008,1234
uccase9.mp,1563.183,1569.616,0
uccase9.mp,1662.723,1711.49,1
uccase9.mp,1925.462,2073.79,12
uccase9.mp,1687.51,981.459,123
uccase9.mp,1381.076,1302.939,1234
uct-subprob.mp,617.903,269.407,0
uct-subprob.mp,660.561,301.069,1
uct-subprob.mp,527.328,359.245,12
uct-subprob.mp,453.269,328.476,123
uct-subprob.mp,698.376,357.744,1234
wachplan.mp,84.765,79.352,0
wachplan.mp,97.054,93.347,1
wachplan.mp,180.804,169.752,12
wachplan.mp,115.399,108.041,123
wachplan.mp,130.848,121.12,1234
rail02.mp,3602.659,3605.325,0
rail02.mp,3601.695,3601.858,1
rail02.mp,3601.854,3601.844,12
rail02.mp,3601.682,3601.693,123
rail02.mp,3601.154,3601.213,1234
s100.mp,3602.207,3605.802,0
s100.mp,3601.659,3602.006,1
s100.mp,3602.027,3604.271,12
s100.mp,3604.537,3601.842,123
s100.mp,3605.798,3601.934,1234
s250r10.mp,3601.354,3606.607,0
s250r10.mp,3602.64,3602.567,1
s250r10.mp,3602.646,3603.216,12
s250r10.mp,3601.503,3601.947,123
s250r10.mp,3603.247,3603.678,1234
